filepath,label,original_mode,effectively_grayscale_rgb
Training/notumor/Tr-no_1250.jpg,notumor,RGB,True
Training/meningioma/Tr-me_1141.jpg,meningioma,L,True
Training/notumor/Tr-no_0219.jpg,notumor,RGB,True
Training/pituitary/Tr-pi_0966.jpg,pituitary,L,True
Testing/pituitary/Te-pi_0172.jpg,pituitary,L,True
Training/pituitary/Tr-pi_1197.jpg,pituitary,L,True
Training/meningioma/Tr-me_0852.jpg,meningioma,L,True
Training/meningioma/Tr-me_1155.jpg,meningioma,L,True
Training/meningioma/Tr-me_0245.jpg,meningioma,RGB,True
Training/meningioma/Tr-me_0287.jpg,meningioma,RGB,True
Training/notumor/Tr-no_0020.jpg,notumor,RGB,True
Testing/glioma/Te-gl_0129.jpg,glioma,L,True
Training/glioma/Tr-gl_1197.jpg,glioma,L,True
Training/pituitary/Tr-pi_0914.jpg,pituitary,L,True
Training/glioma/Tr-gl_1074.jpg,glioma,L,True
Training/notumor/Tr-no_0762.jpg,notumor,RGB,False
Training/pituitary/Tr-pi_1407.jpg,pituitary,L,True
Training/notumor/Tr-no_0832.jpg,notumor,RGB,True
Training/notumor/Tr-no_1322.jpg,notumor,RGB,True
Testing/notumor/Te-no_0191.jpg,notumor,RGB,False
Training/notumor/Tr-no_1273.jpg,notumor,RGB,True
Training/glioma/Tr-gl_0239.jpg,glioma,L,True
Testing/pituitary/Te-pi_0123.jpg,pituitary,L,True
Training/glioma/Tr-gl_1215.jpg,glioma,L,True
Training/meningioma/Tr-me_1081.jpg,meningioma,L,True
Testing/pituitary/Te-pi_0287.jpg,pituitary,L,True
Training/notumor/Tr-no_1105.jpg,notumor,RGB,False
Testing/glioma/Te-glTr_0004.jpg,glioma,RGB,True
Testing/pituitary/Te-pi_0178.jpg,pituitary,L,True
Testing/glioma/Te-gl_0295.jpg,glioma,L,True
Training/notumor/Tr-no_0546.jpg,notumor,RGB,True
Training/notumor/Tr-no_0062.jpg,notumor,RGB,True
Testing/pituitary/Te-pi_0022.jpg,pituitary,RGB,True
Training/pituitary/Tr-pi_1423.jpg,pituitary,L,True
Testing/pituitary/Te-piTr_0002.jpg,pituitary,RGB,True
Training/glioma/Tr-gl_0177.jpg,glioma,L,True
Training/meningioma/Tr-me_0482.jpg,meningioma,RGB,True
Training/notumor/Tr-no_1469.jpg,notumor,RGB,True
Training/meningioma/Tr-me_0117.jpg,meningioma,RGB,True
Training/meningioma/Tr-me_0051.jpg,meningioma,RGB,True
Training/notumor/Tr-no_1186.jpg,notumor,RGB,True
Training/meningioma/Tr-me_1196.jpg,meningioma,L,True
Training/notumor/Tr-no_0952.jpg,notumor,RGB,True
Training/pituitary/Tr-pi_0365.jpg,pituitary,RGB,True
Training/meningioma/Tr-me_1136.jpg,meningioma,L,True
Training/pituitary/Tr-pi_0734.jpg,pituitary,RGB,True
Training/pituitary/Tr-pi_0118.jpg,pituitary,RGB,True
Training/glioma/Tr-gl_0245.jpg,glioma,L,True
Training/glioma/Tr-gl_0865.jpg,glioma,L,True
Testing/glioma/Te-gl_0023.jpg,glioma,RGB,True
Training/glioma/Tr-gl_0469.jpg,glioma,L,True
Training/glioma/Tr-gl_0101.jpg,glioma,RGB,True
Training/pituitary/Tr-pi_1319.jpg,pituitary,L,True
Training/notumor/Tr-no_1467.jpg,notumor,RGB,True
Training/meningioma/Tr-me_1227.jpg,meningioma,L,True
Training/meningioma/Tr-me_0591.jpg,meningioma,RGB,True
Training/pituitary/Tr-pi_0346.jpg,pituitary,RGB,True
Training/glioma/Tr-gl_0217.jpg,glioma,L,True
Training/meningioma/Tr-me_0954.jpg,meningioma,L,True
Training/notumor/Tr-no_1386.jpg,notumor,RGB,True
Training/meningioma/Tr-me_0423.jpg,meningioma,RGB,True
Training/glioma/Tr-gl_0800.jpg,glioma,L,True
Training/meningioma/Tr-me_0828.jpg,meningioma,L,True
Training/glioma/Tr-gl_0037.jpg,glioma,RGB,True
Training/notumor/Tr-no_0807.jpg,notumor,RGB,False
Training/glioma/Tr-gl_0842.jpg,glioma,L,True
Training/notumor/Tr-no_0403.jpg,notumor,RGB,True
Training/meningioma/Tr-me_0336.jpg,meningioma,RGB,True
Training/notumor/Tr-no_0744.jpg,notumor,RGB,True
Training/pituitary/Tr-pi_0584.jpg,pituitary,RGB,True
Training/meningioma/Tr-me_0703.jpg,meningioma,RGB,True
Training/notumor/Tr-no_0384.jpg,notumor,RGB,True
Training/glioma/Tr-gl_1317.jpg,glioma,L,True
Training/meningioma/Tr-me_0876.jpg,meningioma,L,True
Training/pituitary/Tr-pi_0720.jpg,pituitary,RGB,True
Training/meningioma/Tr-me_1150.jpg,meningioma,L,True
Testing/meningioma/Te-me_0159.jpg,meningioma,L,True
Training/glioma/Tr-gl_0233.jpg,glioma,L,True
Testing/glioma/Te-gl_0289.jpg,glioma,L,True
Training/pituitary/Tr-pi_0362.jpg,pituitary,RGB,True
Training/meningioma/Tr-me_0834.jpg,meningioma,L,True
Testing/glioma/Te-gl_0202.jpg,glioma,L,True
Training/meningioma/Tr-me_1071.jpg,meningioma,L,True
Training/notumor/Tr-no_0638.jpg,notumor,RGB,True
Training/notumor/Tr-no_0027.jpg,notumor,RGB,True
Training/pituitary/Tr-pi_0138.jpg,pituitary,RGB,True
Training/meningioma/Tr-me_0843.jpg,meningioma,L,True
Training/pituitary/Tr-pi_1209.jpg,pituitary,L,True
Testing/notumor/Te-no_0231.jpg,notumor,RGB,True
Training/notumor/Tr-no_0554.jpg,notumor,RGB,True
Testing/meningioma/Te-me_0196.jpg,meningioma,L,True
Training/meningioma/Tr-me_0724.jpg,meningioma,RGB,True
Training/glioma/Tr-gl_0050.jpg,glioma,RGB,True
Training/meningioma/Tr-me_0863.jpg,meningioma,L,True
Training/notumor/Tr-no_0617.jpg,notumor,RGB,True
Training/pituitary/Tr-pi_0644.jpg,pituitary,RGB,True
Training/glioma/Tr-gl_1047.jpg,glioma,L,True
Testing/notumor/Te-no_0216.jpg,notumor,RGB,True
Training/glioma/Tr-gl_1242.jpg,glioma,L,True
Training/glioma/Tr-gl_0734.jpg,glioma,L,True
Testing/meningioma/Te-me_0251.jpg,meningioma,L,True
Training/glioma/Tr-gl_0833.jpg,glioma,L,True
Training/pituitary/Tr-pi_0783.jpg,pituitary,L,True
Training/notumor/Tr-no_0239.jpg,notumor,RGB,True
Training/glioma/Tr-gl_1221.jpg,glioma,L,True
Training/glioma/Tr-gl_0132.jpg,glioma,L,True
Training/glioma/Tr-gl_0429.jpg,glioma,L,True
Training/pituitary/Tr-pi_0592.jpg,pituitary,RGB,True
Training/pituitary/Tr-pi_0991.jpg,pituitary,L,True
Training/notumor/Tr-no_0358.jpg,notumor,RGB,True
Testing/notumor/Te-no_0323.jpg,notumor,RGB,True
Testing/pituitary/Te-pi_0090.jpg,pituitary,L,True
Training/glioma/Tr-gl_1084.jpg,glioma,L,True
Training/notumor/Tr-no_0340.jpg,notumor,RGB,True
Training/meningioma/Tr-me_0861.jpg,meningioma,L,True
Training/notumor/Tr-no_0752.jpg,notumor,RGB,True
Training/meningioma/Tr-me_0756.jpg,meningioma,RGB,True
Training/pituitary/Tr-pi_0349.jpg,pituitary,RGB,True
Testing/notumor/Te-no_0341.jpg,notumor,RGB,True
Training/notumor/Tr-no_1072.jpg,notumor,RGB,True
Training/notumor/Tr-no_0417.jpg,notumor,RGB,True
Testing/glioma/Te-gl_0240.jpg,glioma,L,True
Training/glioma/Tr-gl_0319.jpg,glioma,L,True
Training/notumor/Tr-no_0230.jpg,notumor,RGB,True
Training/pituitary/Tr-pi_0883.jpg,pituitary,L,True
Training/glioma/Tr-gl_0927.jpg,glioma,L,True
Training/pituitary/Tr-pi_1017.jpg,pituitary,L,True
Training/pituitary/Tr-pi_0582.jpg,pituitary,RGB,True
Training/glioma/Tr-gl_0756.jpg,glioma,L,True
Testing/meningioma/Te-me_0222.jpg,meningioma,L,True
Training/notumor/Tr-no_1592.jpg,notumor,RGB,True
Training/notumor/Tr-no_0356.jpg,notumor,RGB,True
Testing/notumor/Te-no_0226.jpg,notumor,RGB,True
Training/pituitary/Tr-pi_1449.jpg,pituitary,L,True
Training/glioma/Tr-gl_0393.jpg,glioma,L,True
Training/meningioma/Tr-me_0657.jpg,meningioma,RGB,True
Training/pituitary/Tr-pi_0670.jpg,pituitary,RGB,True
Training/notumor/Tr-no_0086.jpg,notumor,RGB,True
Training/glioma/Tr-gl_0457.jpg,glioma,L,True
Training/notumor/Tr-no_0160.jpg,notumor,RGB,True
Training/meningioma/Tr-me_0191.jpg,meningioma,RGB,True
Testing/meningioma/Te-me_0095.jpg,meningioma,RGB,True
Training/meningioma/Tr-me_0328.jpg,meningioma,RGB,True
Training/pituitary/Tr-pi_0446.jpg,pituitary,RGB,True
Training/notumor/Tr-no_0383.jpg,notumor,RGB,True
Testing/notumor/Te-no_0058.jpg,notumor,RGB,True
Training/pituitary/Tr-pi_0181.jpg,pituitary,RGB,True
Training/notumor/Tr-no_0256.jpg,notumor,RGB,True
Training/notumor/Tr-no_0202.jpg,notumor,RGB,True
Training/glioma/Tr-gl_0079.jpg,glioma,RGB,True
Training/notumor/Tr-no_0882.jpg,notumor,RGB,True
Training/glioma/Tr-gl_0712.jpg,glioma,L,True
Training/pituitary/Tr-pi_0257.jpg,pituitary,RGB,True
Testing/glioma/Te-gl_0216.jpg,glioma,L,True
Training/pituitary/Tr-pi_0470.jpg,pituitary,RGB,True
Training/notumor/Tr-no_1047.jpg,notumor,RGB,True
Testing/meningioma/Te-me_0162.jpg,meningioma,L,True
Testing/notumor/Te-no_0063.jpg,notumor,RGB,True
Testing/glioma/Te-gl_0248.jpg,glioma,L,True
Testing/notumor/Te-no_0112.jpg,notumor,RGB,True
Testing/pituitary/Te-pi_0234.jpg,pituitary,L,True
Testing/notumor/Te-no_0296.jpg,notumor,RGB,True
Training/glioma/Tr-gl_1315.jpg,glioma,L,True
Testing/meningioma/Te-me_0098.jpg,meningioma,RGB,True
Training/meningioma/Tr-me_0511.jpg,meningioma,RGB,True
Testing/glioma/Te-gl_0103.jpg,glioma,L,True
Training/meningioma/Tr-me_0523.jpg,meningioma,RGB,True
Training/pituitary/Tr-pi_1097.jpg,pituitary,L,True
Training/meningioma/Tr-me_0434.jpg,meningioma,RGB,True
Training/pituitary/Tr-piTr_0009.jpg,pituitary,RGB,True
Testing/pituitary/Te-pi_0174.jpg,pituitary,L,True
Testing/meningioma/Te-me_0099.jpg,meningioma,RGB,True
Training/glioma/Tr-gl_0592.jpg,glioma,L,True
Training/pituitary/Tr-pi_0624.jpg,pituitary,RGB,True
Training/glioma/Tr-gl_0321.jpg,glioma,L,True
Training/notumor/Tr-no_1104.jpg,notumor,RGB,True
Testing/meningioma/Te-me_0265.jpg,meningioma,L,True
Training/glioma/Tr-gl_0230.jpg,glioma,L,True
Testing/glioma/Te-gl_0163.jpg,glioma,L,True
Training/glioma/Tr-gl_1149.jpg,glioma,L,True
Training/notumor/Tr-no_1468.jpg,notumor,RGB,True
Training/pituitary/Tr-pi_1399.jpg,pituitary,L,True
Training/meningioma/Tr-me_0091.jpg,meningioma,RGB,True
Training/meningioma/Tr-me_1007.jpg,meningioma,L,True
Training/glioma/Tr-gl_0538.jpg,glioma,L,True
Training/glioma/Tr-gl_1219.jpg,glioma,L,True
Training/meningioma/Tr-me_0777.jpg,meningioma,RGB,True
Training/meningioma/Tr-meTr_0009.jpg,meningioma,RGB,True
Testing/pituitary/Te-pi_0188.jpg,pituitary,L,True
Training/pituitary/Tr-pi_0506.jpg,pituitary,RGB,True
Training/notumor/Tr-no_1174.jpg,notumor,RGB,True
Training/notumor/Tr-no_0817.jpg,notumor,RGB,True
Training/glioma/Tr-gl_1041.jpg,glioma,L,True
Training/glioma/Tr-gl_0706.jpg,glioma,L,True
Training/meningioma/Tr-me_0906.jpg,meningioma,L,True
Training/glioma/Tr-gl_0543.jpg,glioma,L,True
Training/notumor/Tr-no_0746.jpg,notumor,RGB,True
Training/notumor/Tr-no_1499.jpg,notumor,RGB,True
Training/pituitary/Tr-pi_0628.jpg,pituitary,RGB,True
Training/glioma/Tr-gl_1108.jpg,glioma,L,True
Training/glioma/Tr-gl_0437.jpg,glioma,L,True
Training/glioma/Tr-gl_1061.jpg,glioma,L,True
Training/meningioma/Tr-me_0671.jpg,meningioma,RGB,True
Training/pituitary/Tr-pi_1223.jpg,pituitary,L,True
Training/notumor/Tr-noTr_0004.jpg,notumor,RGB,True
Training/notumor/Tr-no_0749.jpg,notumor,RGB,False
Training/glioma/Tr-gl_0932.jpg,glioma,L,True
Training/glioma/Tr-gl_0263.jpg,glioma,L,True
Training/pituitary/Tr-pi_0183.jpg,pituitary,RGB,True
Training/meningioma/Tr-me_0447.jpg,meningioma,RGB,True
Testing/pituitary/Te-pi_0270.jpg,pituitary,L,True
Training/glioma/Tr-gl_0544.jpg,glioma,L,True
Training/pituitary/Tr-pi_0406.jpg,pituitary,RGB,True
Training/notumor/Tr-no_0754.jpg,notumor,RGB,False
Training/meningioma/Tr-me_0122.jpg,meningioma,RGB,True
Testing/glioma/Te-gl_0080.jpg,glioma,L,True
Training/pituitary/Tr-pi_0512.jpg,pituitary,RGB,True
Testing/notumor/Te-no_0190.jpg,notumor,RGB,True
Training/glioma/Tr-gl_0408.jpg,glioma,L,True
Training/glioma/Tr-gl_0472.jpg,glioma,L,True
Training/meningioma/Tr-me_0567.jpg,meningioma,RGB,True
Training/pituitary/Tr-pi_1164.jpg,pituitary,L,True
Training/pituitary/Tr-pi_0803.jpg,pituitary,L,True
Testing/pituitary/Te-pi_0279.jpg,pituitary,L,True
Training/glioma/Tr-gl_0511.jpg,glioma,L,True
Testing/glioma/Te-gl_0081.jpg,glioma,L,True
Testing/meningioma/Te-me_0025.jpg,meningioma,RGB,True
Training/notumor/Tr-no_0466.jpg,notumor,RGB,True
Training/pituitary/Tr-pi_0990.jpg,pituitary,L,True
Training/pituitary/Tr-pi_1000.jpg,pituitary,L,True
Training/glioma/Tr-gl_0185.jpg,glioma,L,True
Training/glioma/Tr-gl_0576.jpg,glioma,L,True
Training/glioma/Tr-gl_0811.jpg,glioma,L,True
Training/glioma/Tr-gl_0473.jpg,glioma,L,True
Training/glioma/Tr-gl_0696.jpg,glioma,L,True
Training/meningioma/Tr-me_1329.jpg,meningioma,L,True
Training/notumor/Tr-no_0521.jpg,notumor,RGB,True
Training/meningioma/Tr-me_0538.jpg,meningioma,RGB,True
Training/notumor/Tr-no_0440.jpg,notumor,RGB,True
Training/notumor/Tr-no_0561.jpg,notumor,RGB,True
Training/meningioma/Tr-me_1024.jpg,meningioma,L,True
Training/notumor/Tr-no_1372.jpg,notumor,RGB,True
Training/pituitary/Tr-pi_1432.jpg,pituitary,L,True
Training/notumor/Tr-no_0588.jpg,notumor,RGB,True
Training/meningioma/Tr-me_0817.jpg,meningioma,L,True
Training/notumor/Tr-no_0503.jpg,notumor,RGB,True
Training/glioma/Tr-gl_0468.jpg,glioma,L,True
Training/pituitary/Tr-pi_0600.jpg,pituitary,RGB,True
Training/notumor/Tr-no_0584.jpg,notumor,RGB,True
Testing/meningioma/Te-me_0277.jpg,meningioma,L,True
Testing/notumor/Te-no_0196.jpg,notumor,RGB,True
Training/notumor/Tr-no_0619.jpg,notumor,RGB,True
Training/pituitary/Tr-pi_1369.jpg,pituitary,L,True
Training/glioma/Tr-gl_1005.jpg,glioma,L,True
Training/glioma/Tr-gl_0642.jpg,glioma,L,True
Training/glioma/Tr-gl_0381.jpg,glioma,L,True
Training/meningioma/Tr-me_0054.jpg,meningioma,RGB,True
Training/meningioma/Tr-me_0233.jpg,meningioma,RGB,True
Training/pituitary/Tr-pi_1015.jpg,pituitary,L,True
Training/meningioma/Tr-me_0548.jpg,meningioma,RGB,True
Training/meningioma/Tr-me_0400.jpg,meningioma,RGB,True
Training/glioma/Tr-gl_1103.jpg,glioma,L,True
Training/pituitary/Tr-pi_0766.jpg,pituitary,L,True
Testing/notumor/Te-no_0201.jpg,notumor,RGB,True
Training/pituitary/Tr-pi_1453.jpg,pituitary,L,True
Testing/notumor/Te-no_0247.jpg,notumor,RGB,False
Training/notumor/Tr-no_0543.jpg,notumor,RGB,True
Testing/meningioma/Te-me_0113.jpg,meningioma,RGB,True
Training/glioma/Tr-gl_1056.jpg,glioma,L,True
Training/meningioma/Tr-me_1002.jpg,meningioma,L,True
Training/meningioma/Tr-me_0093.jpg,meningioma,RGB,True
Training/notumor/Tr-no_0037.jpg,notumor,RGB,True
Testing/glioma/Te-gl_0128.jpg,glioma,L,True
Testing/meningioma/Te-meTr_0000.jpg,meningioma,RGB,True
Training/notumor/Tr-no_0648.jpg,notumor,RGB,False
Training/glioma/Tr-gl_0534.jpg,glioma,L,True
Training/notumor/Tr-no_1364.jpg,notumor,RGB,True
Training/notumor/Tr-no_0839.jpg,notumor,RGB,True
Training/meningioma/Tr-me_1067.jpg,meningioma,L,True
Training/meningioma/Tr-me_1017.jpg,meningioma,L,True
Training/glioma/Tr-gl_0169.jpg,glioma,L,True
Training/meningioma/Tr-me_0297.jpg,meningioma,RGB,True
Training/glioma/Tr-gl_0852.jpg,glioma,L,True
Testing/notumor/Te-no_0131.jpg,notumor,RGB,True
Training/notumor/Tr-no_1182.jpg,notumor,RGB,True
Training/meningioma/Tr-me_0465.jpg,meningioma,RGB,True
Training/notumor/Tr-no_0585.jpg,notumor,RGB,True
Training/pituitary/Tr-pi_1252.jpg,pituitary,L,True
Testing/glioma/Te-gl_0093.jpg,glioma,L,True
Training/meningioma/Tr-me_0407.jpg,meningioma,RGB,True
Training/meningioma/Tr-me_0644.jpg,meningioma,RGB,True
Training/pituitary/Tr-pi_0727.jpg,pituitary,RGB,True
Testing/glioma/Te-gl_0233.jpg,glioma,L,True
Training/notumor/Tr-no_0946.jpg,notumor,RGB,True
Training/pituitary/Tr-pi_0987.jpg,pituitary,L,True
Training/pituitary/Tr-pi_0752.jpg,pituitary,RGB,True
Training/glioma/Tr-gl_0179.jpg,glioma,L,True
Testing/pituitary/Te-pi_0124.jpg,pituitary,L,True
Testing/pituitary/Te-pi_0190.jpg,pituitary,L,True
Testing/pituitary/Te-pi_0256.jpg,pituitary,L,True
Training/meningioma/Tr-me_0742.jpg,meningioma,RGB,True
Training/meningioma/Tr-me_0299.jpg,meningioma,RGB,True
Training/glioma/Tr-gl_0496.jpg,glioma,L,True
Training/notumor/Tr-no_0284.jpg,notumor,RGB,True
Training/notumor/Tr-no_1252.jpg,notumor,RGB,True
Training/meningioma/Tr-me_0794.jpg,meningioma,L,True
Testing/glioma/Te-gl_0291.jpg,glioma,L,True
Testing/glioma/Te-gl_0196.jpg,glioma,L,True
Training/notumor/Tr-no_1232.jpg,notumor,RGB,True
Training/glioma/Tr-gl_0168.jpg,glioma,L,True
Testing/glioma/Te-gl_0010.jpg,glioma,RGB,True
Training/notumor/Tr-no_1099.jpg,notumor,RGB,True
Testing/meningioma/Te-me_0049.jpg,meningioma,RGB,True
Training/notumor/Tr-no_1125.jpg,notumor,RGB,True
Training/glioma/Tr-gl_1075.jpg,glioma,L,True
Training/notumor/Tr-no_1050.jpg,notumor,RGB,True
Training/meningioma/Tr-me_0952.jpg,meningioma,L,True
Training/notumor/Tr-no_0557.jpg,notumor,RGB,True
Training/notumor/Tr-no_1097.jpg,notumor,RGB,True
Training/notumor/Tr-no_0747.jpg,notumor,RGB,False
Training/pituitary/Tr-pi_0958.jpg,pituitary,L,True
Testing/pituitary/Te-pi_0036.jpg,pituitary,RGB,True
Testing/pituitary/Te-pi_0047.jpg,pituitary,RGB,True
Training/notumor/Tr-no_0312.jpg,notumor,RGB,True
Training/pituitary/Tr-pi_1410.jpg,pituitary,L,True
Training/pituitary/Tr-pi_0350.jpg,pituitary,RGB,True
Training/glioma/Tr-gl_0503.jpg,glioma,L,True
Training/notumor/Tr-no_1122.jpg,notumor,RGB,True
Training/pituitary/Tr-pi_1409.jpg,pituitary,L,True
Training/meningioma/Tr-me_0832.jpg,meningioma,L,True
Training/pituitary/Tr-pi_1082.jpg,pituitary,L,True
Testing/pituitary/Te-pi_0019.jpg,pituitary,RGB,True
Training/pituitary/Tr-pi_0681.jpg,pituitary,RGB,True
Training/meningioma/Tr-me_1221.jpg,meningioma,L,True
Training/meningioma/Tr-me_0348.jpg,meningioma,RGB,True
Training/pituitary/Tr-pi_0243.jpg,pituitary,RGB,True
Training/pituitary/Tr-pi_1049.jpg,pituitary,L,True
Training/notumor/Tr-no_0272.jpg,notumor,RGB,True
Training/meningioma/Tr-me_0541.jpg,meningioma,RGB,True
Training/pituitary/Tr-pi_0445.jpg,pituitary,RGB,True
Testing/meningioma/Te-me_0236.jpg,meningioma,L,True
Training/notumor/Tr-no_1176.jpg,notumor,RGB,True
Training/pituitary/Tr-pi_1125.jpg,pituitary,L,True
Training/meningioma/Tr-me_0098.jpg,meningioma,RGB,True
Training/notumor/Tr-no_1371.jpg,notumor,RGB,True
Training/glioma/Tr-gl_0535.jpg,glioma,L,True
Training/meningioma/Tr-me_0104.jpg,meningioma,RGB,True
Testing/glioma/Te-gl_0160.jpg,glioma,L,True
Training/notumor/Tr-no_0430.jpg,notumor,RGB,True
Training/notumor/Tr-no_1212.jpg,notumor,RGB,True
Training/glioma/Tr-gl_0080.jpg,glioma,RGB,True
Training/pituitary/Tr-pi_1036.jpg,pituitary,L,True
Training/glioma/Tr-gl_0752.jpg,glioma,L,True
Training/pituitary/Tr-pi_0746.jpg,pituitary,RGB,True
Training/notumor/Tr-no_1365.jpg,notumor,RGB,True
Training/glioma/Tr-gl_0095.jpg,glioma,RGB,True
Testing/meningioma/Te-me_0102.jpg,meningioma,RGB,True
Training/glioma/Tr-gl_1158.jpg,glioma,L,True
Testing/glioma/Te-gl_0298.jpg,glioma,L,True
Training/notumor/Tr-no_1324.jpg,notumor,RGB,True
Training/pituitary/Tr-pi_0184.jpg,pituitary,RGB,True
Training/notumor/Tr-no_1119.jpg,notumor,RGB,True
Training/meningioma/Tr-me_1201.jpg,meningioma,L,True
Training/glioma/Tr-gl_1090.jpg,glioma,L,True
Training/notumor/Tr-no_1098.jpg,notumor,RGB,True
Training/notumor/Tr-no_0267.jpg,notumor,RGB,True
Training/notumor/Tr-no_0656.jpg,notumor,RGB,True
Training/pituitary/Tr-pi_0711.jpg,pituitary,RGB,True
Training/pituitary/Tr-pi_0168.jpg,pituitary,RGB,True
Testing/glioma/Te-gl_0114.jpg,glioma,L,True
Training/glioma/Tr-gl_1295.jpg,glioma,L,True
Training/pituitary/Tr-pi_0937.jpg,pituitary,L,True
Testing/notumor/Te-no_0240.jpg,notumor,RGB,True
Training/glioma/Tr-gl_1002.jpg,glioma,L,True
Training/meningioma/Tr-me_0086.jpg,meningioma,RGB,True
Training/notumor/Tr-no_1121.jpg,notumor,RGB,True
Training/glioma/Tr-gl_0742.jpg,glioma,L,True
Training/notumor/Tr-no_0099.jpg,notumor,RGB,True
Training/meningioma/Tr-me_1228.jpg,meningioma,L,True
Training/glioma/Tr-gl_0937.jpg,glioma,L,True
Training/meningioma/Tr-me_0278.jpg,meningioma,RGB,True
Training/meningioma/Tr-me_1229.jpg,meningioma,L,True
Training/notumor/Tr-no_0970.jpg,notumor,RGB,True
Training/pituitary/Tr-pi_0129.jpg,pituitary,RGB,True
Training/meningioma/Tr-me_1267.jpg,meningioma,L,True
Training/glioma/Tr-gl_0435.jpg,glioma,L,True
Training/meningioma/Tr-me_0052.jpg,meningioma,RGB,True
Training/notumor/Tr-no_0416.jpg,notumor,RGB,True
Training/notumor/Tr-no_0643.jpg,notumor,RGB,True
Training/meningioma/Tr-me_0484.jpg,meningioma,RGB,True
Training/meningioma/Tr-me_0812.jpg,meningioma,L,True
Training/meningioma/Tr-me_1254.jpg,meningioma,L,True
Training/notumor/Tr-no_0885.jpg,notumor,RGB,True
Training/notumor/Tr-no_0783.jpg,notumor,RGB,True
Testing/glioma/Te-glTr_0000.jpg,glioma,RGB,True
Training/pituitary/Tr-pi_1371.jpg,pituitary,L,True
Training/notumor/Tr-no_0702.jpg,notumor,RGB,True
Testing/pituitary/Te-pi_0099.jpg,pituitary,L,True
Training/notumor/Tr-no_1353.jpg,notumor,RGB,True
Training/pituitary/Tr-pi_0186.jpg,pituitary,RGB,True
