width,height,count
512,512,4742
225,225,332
630,630,90
236,236,81
201,251,58
228,221,51
232,217,50
300,168,49
442,442,46
150,198,44
200,252,43
428,417,42
227,222,39
173,201,36
206,244,35
192,192,31
256,256,31
218,231,29
201,250,29
215,234,28
227,262,27
208,242,24
468,444,24
504,540,23
359,449,23
642,361,22
214,236,22
400,442,20
236,213,19
207,243,18
393,400,18
442,454,17
230,282,17
276,326,17
420,280,17
235,214,16
550,664,16
441,442,16
194,259,15
680,680,15
339,340,13
212,238,12
380,530,12
196,257,12
275,183,12
350,350,11
220,275,10
235,227,10
356,474,9
236,260,9
177,197,9
236,251,8
350,393,7
234,218,7
236,262,7
234,225,6
235,229,6
236,295,6
236,243,6
208,248,5
236,231,5
554,554,5
236,290,5
1024,1024,5
236,357,5
236,300,5
236,257,5
455,500,5
236,263,5
234,224,5
416,512,4
236,269,4
341,395,4
212,237,4
210,240,4
200,223,4
275,301,4
785,848,3
409,442,3
235,261,3
236,309,3
236,273,3
236,228,3
236,218,3
205,249,3
205,214,3
853,480,3
850,872,3
200,248,3
200,243,3
728,725,3
222,252,3
218,234,3
235,228,3
212,236,3
208,225,3
213,237,3
207,225,3
212,280,2
213,236,2
226,214,2
225,259,2
208,217,2
209,241,2
206,245,2
206,249,2
209,234,2
208,278,2
209,242,2
210,234,2
211,239,2
211,236,2
212,222,2
208,243,2
235,233,2
236,220,2
236,252,2
236,250,2
494,600,2
452,509,2
228,228,2
227,300,2
480,480,2
474,474,2
472,546,2
472,537,2
491,624,2
441,427,2
233,208,2
232,261,2
216,216,2
215,220,2
219,234,2
220,212,2
224,219,2
224,262,2
224,286,2
217,232,2
221,257,2
224,216,2
234,234,2
233,210,2
233,226,2
234,216,2
227,213,2
221,228,2
528,581,2
507,605,2
562,592,2
600,605,2
605,613,2
626,575,2
530,526,2
534,674,2
645,439,2
591,650,2
630,423,2
214,216,2
210,213,2
214,235,2
257,248,2
257,307,2
236,315,2
262,308,2
239,248,2
252,303,2
259,194,2
369,398,2
411,396,2
374,370,2
366,395,2
402,396,2
416,395,2
417,424,2
414,496,2
411,501,2
411,496,2
235,257,2
315,341,2
315,315,2
314,358,2
338,345,2
336,380,2
332,442,2
331,406,2
330,355,2
343,367,2
339,415,2
341,372,2
341,377,2
354,443,2
351,398,2
355,452,2
364,418,2
238,212,2
236,366,2
236,270,2
236,280,2
236,268,2
239,224,2
367,395,2
369,395,2
314,258,2
314,260,2
300,258,2
321,351,2
306,306,2
312,401,2
323,342,2
318,354,2
852,480,2
1149,1019,2
278,253,2
1000,583,2
291,340,2
295,394,2
267,328,2
273,326,2
290,339,2
290,342,2
289,354,2
300,345,2
300,412,2
304,410,2
278,306,2
286,356,2
305,337,2
313,393,2
205,251,2
204,249,2
722,690,2
755,824,2
825,832,2
655,602,2
890,1075,2
926,649,2
724,851,2
203,243,2
200,236,2
200,235,2
201,249,2
201,207,2
174,230,1
180,218,1
200,200,1
200,210,1
201,210,1
201,244,1
202,202,1
202,223,1
202,250,1
203,248,1
204,247,1
652,600,1
685,681,1
717,717,1
721,903,1
733,781,1
750,750,1
800,693,1
825,993,1
850,745,1
900,741,1
940,900,1
1000,714,1
1024,830,1
1275,1427,1
1280,720,1
1280,1280,1
264,336,1
272,331,1
278,280,1
296,320,1
298,354,1
300,359,1
306,365,1
314,195,1
320,344,1
324,284,1
329,310,1
329,314,1
330,220,1
352,322,1
360,378,1
236,294,1
237,248,1
244,274,1
250,270,1
251,273,1
253,239,1
254,198,1
254,325,1
255,236,1
257,320,1
262,244,1
374,456,1
387,469,1
400,400,1
405,484,1
407,485,1
410,490,1
416,489,1
420,264,1
421,486,1
430,483,1
434,512,1
438,502,1
439,512,1
235,244,1
235,264,1
235,277,1
235,304,1
236,201,1
236,203,1
236,216,1
236,221,1
236,222,1
236,223,1
236,226,1
236,232,1
236,239,1
236,240,1
440,278,1
444,506,1
446,512,1
447,251,1
450,446,1
450,504,1
453,496,1
456,501,1
469,470,1
470,432,1
470,508,1
485,510,1
497,320,1
497,398,1
500,500,1
502,502,1
502,513,1
503,369,1
504,488,1
229,214,1
229,223,1
229,280,1
230,235,1
230,241,1
230,274,1
232,216,1
233,218,1
233,222,1
233,228,1
233,243,1
235,215,1
235,216,1
216,202,1
216,234,1
216,293,1
216,302,1
217,248,1
219,211,1
224,223,1
225,218,1
226,212,1
226,213,1
226,223,1
207,207,1
209,225,1
210,201,1
210,264,1
507,340,1
507,362,1
513,522,1
528,528,1
540,568,1
552,527,1
590,332,1
600,450,1
600,519,1
600,600,1
622,777,1
626,686,1
629,585,1
630,614,1
648,674,1
1365,1365,1
1375,1446,1
1920,1080,1
